Feature,Importance
PreviousLocalVoteShare,0.9390636718539418
Party: MINORITY FRONT,0.050172829546240263
RegisteredVoterChange,0.0030200925227927018
Party: AFRICAN NATIONAL CONGRESS,0.00229587752142074
PreviousRegisteredVoters,0.0018424756590200001
PreviousPartyVotes,0.0017332686366099484
Party: DEMOCRATIC ALLIANCE,0.0016411466040318807
Party: INKATHA FREEDOM PARTY,0.00018270663373061826
Party: AFRICAN CHRISTIAN DEMOCRATIC PARTY,2.16325536320837e-05
Party: TRULY ALLIANCE,1.8624774309778777e-05
Party: CONGRESS OF THE PEOPLE,4.1732204262725315e-06
Party: AFRICAN PEOPLE'S CONVENTION,1.53657280834812e-06
Party: AZANIAN PEOPLE'S ORGANISATION,1.1204858329000557e-06
Party: VRYHEIDSFRONT PLUS,6.822427483683643e-07
Party: UNITED DEMOCRATIC MOVEMENT,1.6117245416975248e-07
