PartyName,ForecastYear,EstimatedVoteShare_2026,LowerEstimate,UpperEstimate
AFRICAN NATIONAL CONGRESS,2026,42.50570516924475,40.748430928836086,44.26297940965341
DEMOCRATIC ALLIANCE,2026,26.328968835835692,24.57169459542703,28.086243076244354
ECONOMIC FREEDOM FIGHTERS,2026,10.803551145164288,9.046276904755624,12.560825385572953
INKATHA FREEDOM PARTY,2026,7.4505379897152055,5.693263749306542,9.207812230123869
ACTIONSA,2026,2.3493164123004484,0.5920421718917848,4.106590652709112
AFRICAN INDEPENDENT CONGRESS,2026,1.0079562586481072,0.0,2.765230499056771
ACTIVE CITIZENS COALITION,2026,0.8053065818549803,0.0,2.562580822263644
AFRICAN CHRISTIAN DEMOCRATIC PARTY,2026,0.7606462072241382,0.0,2.517920447632802
ABANTU BATHO CONGRESS,2026,0.6451229838293302,0.0,2.402397224237994
JUSTICE AND EMPLOYMENT PARTY,2026,0.6147900704239896,0.0,2.3720643108326533
AFRICAN TRANSFORMATION MOVEMENT,2026,0.5702587720204043,0.0,2.327533012429068
MINORITY FRONT,2026,0.5033972863013981,0.0,2.2606715267100617
AFRICAN DEMOCRATIC CHANGE,2026,0.45267032898948806,0.0,2.209944569398152
DEMOCRATIC LIBERAL CONGRESS,2026,0.44389314553602777,0.0,2.201167385944691
UNITED INDEPENDENT MOVEMENT,2026,0.37367567790834555,0.0,2.1309499183170093
NATIONAL FREEDOM PARTY,2026,0.3590900642283307,0.0,2.116364304636994
MINORITIES OF SOUTH AFRICA,2026,0.28732368187356727,0.0,2.044597922282231
PEOPLE'S REVOLUTIONARY MOVEMENT,2026,0.28190248032878296,0.0,2.0391767207374465
AFRICAN PEOPLE FIRST,2026,0.280224489374445,0.0,2.037498729783109
KZN INDEPENDENCE,2026,0.27454513537514713,0.0,2.0318193757838108
VRYHEIDSFRONT PLUS,2026,0.2608630552859297,0.0,2.0181372956945935
INDEPENDENT PEOPLE'S PARTY,2026,0.24601928915140128,0.0,2.003293529560065
TRULY ALLIANCE,2026,0.24150162119741433,0.0,1.998775861606078
PEOPLE'S FREEDOM PARTY,2026,0.2011007620660457,0.0,1.9583750024747093
PATRIOTIC ALLIANCE,2026,0.19645401788480205,0.0,1.9537282582934656
AL JAMA-AH,2026,0.17657627888725966,0.0,1.9338505192959232
GOOD,2026,0.13824063939199935,0.0,1.895514879800663
PAN AFRICANIST CONGRESS OF AZANIA,2026,0.12778546498420107,0.0,1.8850597053928646
AFRICAN PEOPLE'S CONVENTION,2026,0.12417133062101154,0.0,1.8814455710296751
CONGRESS OF THE PEOPLE,2026,0.11591045207657834,0.0,1.873184692485242
AFRICAN FREEDOM REVOLUTION,2026,0.1062297350323207,0.0,1.8635039754409843
BLACK FIRST LAND FIRST,2026,0.09396749344292765,0.0,1.8512417338515914
AFRICAN MANTUNGWA COMMUNITY,2026,0.08338324280787261,0.0,1.8406574832165363
UNITED CHRISTIAN DEMOCRATIC PARTY,2026,0.08080171826273724,0.0,1.8380759586714008
ACTIVISTS MOVEMENT OF SOUTH AFRICA,2026,0.07783296503583156,0.0,1.8351072054444952
FORUM 4 SERVICE DELIVERY,2026,0.06724871440077651,0.0,1.8245229548094402
ADVANCED DYNAMIC ALLIANCE,2026,0.06208566531050577,0.0,1.8193599057191694
THE ORGANIC HUMANITY MOVEMENT,2026,0.05266310072076165,0.0,1.8099373411294253
ACADEMIC CONGRESS UNION,2026,0.048919890130315356,0.0,1.806194130538979
GOD SAVE AFRICA,2026,0.04853266144854505,0.0,1.8058069018572087
INTERNATIONAL PARTY,2026,0.046983746721463826,0.0,1.8042579871301274
DEMOCRATIC PEOPLE'S CONGRESS,2026,0.04427314594907168,0.0,1.8015473863577354
AFRICAN FEDERAL CONVENTION,2026,0.041691621403936306,0.0,1.7989658618125999
AFRICAN PEOPLE'S MOVEMENT,2026,0.038464715722517084,0.0,1.7957389561311807
UNITED CULTURAL MOVEMENT,2026,0.03794841081349001,0.0,1.7952226512221536
AZANIAN PEOPLE'S ORGANISATION,2026,0.03355981908675988,0.0,1.7908340594954235
ALLIED MOVEMENT FOR CHANGE,2026,0.03239813304144896,0.0,1.7896723734501125
AFRICAN BASIC REPUBLICANS,2026,0.026718779042151135,0.0,1.7839930194508147
AFRICA RESTORATION ALLIANCE,2026,0.026202474133124057,0.0,1.7834767145417878
SPECTRUM NATIONAL PARTY,2026,0.022588339769934532,0.0,1.779862580178598
