Year,PartyName,PartyVotes,VoteShare
2011,AFRICAN NATIONAL CONGRESS,603929,62.0223512110158
2011,DEMOCRATIC ALLIANCE,212409,21.81399733806566
2011,MINORITY FRONT,48064,4.936080712478228
2011,NATIONAL FREEDOM PARTY,43606,4.478252653718492
2011,INKATHA FREEDOM PARTY,38532,3.9571625751749973
2011,AFRICAN CHRISTIAN DEMOCRATIC PARTY,6555,0.6731859410430839
2011,TRULY ALLIANCE,6026,0.6188586545729403
2011,AFRICAN PEOPLE'S CONVENTION,3970,0.40771139373623844
2011,CONGRESS OF THE PEOPLE,3882,0.39867396233855856
2011,UNITED ACTION FRONT,1256,0.12898879358506687
2011,AZANIAN PEOPLE'S ORGANISATION,1238,0.1271402280719051
2011,UNITED DEMOCRATIC MOVEMENT,1087,0.111632817378159
2011,AFRICAN CHRISTIAN ALLIANCE-AFRIKANER CHRISTEN ALLIANSIE,949,0.09746048177725196
2011,BLACK CONSCIOUSNESS PARTY,671,0.06891041440730881
2011,VRYHEIDSFRONT PLUS,662,0.06798613165072794
2011,SOCIALIST GREEN COALITION,492,0.0505274573597555
2011,SOLIDARITY PARTY,400,0.04107923362581748
2016,AFRICAN NATIONAL CONGRESS,652891,59.10912297474451
2016,DEMOCRATIC ALLIANCE,304206,27.54112074397584
2016,INKATHA FREEDOM PARTY,47260,4.278657772562994
2016,ECONOMIC FREEDOM FIGHTERS,40087,3.629254213472974
2016,AFRICAN INDEPENDENT CONGRESS,16673,1.5094807668629453
2016,AFRICAN CHRISTIAN DEMOCRATIC PARTY,5956,0.5392231420521624
2016,MINORITY FRONT,5070,0.4590096256219717
2016,DEMOCRATIC LIBERAL CONGRESS,4801,0.4346558604755593
2016,TRULY ALLIANCE,4686,0.4242443995393607
2016,MINORITIES OF SOUTH AFRICA,3018,0.2732329487430198
2016,AFRICAN PEOPLE'S CONVENTION,2922,0.2645416422223671
2016,AL JAMA-AH,2003,0.181340489175702
2016,AFRICAN MANTUNGWA COMMUNITY,1935,0.17518414705690633
2016,PEOPLE'S REVOLUTIONARY MOVEMENT,1823,0.16504428944947816
2016,CONGRESS OF THE PEOPLE,1566,0.14177693761814747
2016,INDEPENDENT PEOPLE'S PARTY,1498,0.13562059549935176
2016,UNITED PEOPLES PARTY,1469,0.13299509665457127
2016,UNITED DEMOCRATIC MOVEMENT,1324,0.11986760243066871
2016,VRYHEIDSFRONT PLUS,1129,0.1022133860605929
2016,PAN AFRICANIST CONGRESS OF AZANIA,1041,0.0942463550833279
2016,ALLIED MOVEMENT FOR CHANGE,860,0.07785962091418058
2016,ACADEMIC CONGRESS UNION,486,0.04399973926080438
2016,AZANIAN PEOPLE'S ORGANISATION,476,0.043094394831569724
2016,INDEPENDENT RATEPAYERS ASSOCIATION OF SA,439,0.03974462044340149
2016,UNITED RESIDENTS FRONT,342,0.030962779479825307
2016,SOUTH AFRICAN POLITICAL PARTY,328,0.029695297278896783
2016,THE PROMISE OF FREEDOM,263,0.023810558488871505
2021,AFRICAN NATIONAL CONGRESS,329307,42.50570516924475
2021,DEMOCRATIC ALLIANCE,203980,26.328968835835692
2021,ECONOMIC FREEDOM FIGHTERS,83699,10.803551145164288
2021,INKATHA FREEDOM PARTY,57722,7.4505379897152055
2021,ACTIONSA,18201,2.3493164123004484
2021,AFRICAN INDEPENDENT CONGRESS,7809,1.0079562586481072
2021,ACTIVE CITIZENS COALITION,6239,0.8053065818549803
2021,AFRICAN CHRISTIAN DEMOCRATIC PARTY,5893,0.7606462072241382
2021,ABANTU BATHO CONGRESS,4998,0.6451229838293302
2021,JUSTICE AND EMPLOYMENT PARTY,4763,0.6147900704239896
2021,AFRICAN TRANSFORMATION MOVEMENT,4418,0.5702587720204043
2021,MINORITY FRONT,3900,0.5033972863013981
2021,AFRICAN DEMOCRATIC CHANGE,3507,0.45267032898948806
2021,DEMOCRATIC LIBERAL CONGRESS,3439,0.44389314553602777
2021,UNITED INDEPENDENT MOVEMENT,2895,0.37367567790834555
2021,NATIONAL FREEDOM PARTY,2782,0.3590900642283307
2021,MINORITIES OF SOUTH AFRICA,2226,0.28732368187356727
2021,PEOPLE'S REVOLUTIONARY MOVEMENT,2184,0.28190248032878296
2021,AFRICAN PEOPLE FIRST,2171,0.280224489374445
2021,KZN INDEPENDENCE,2127,0.27454513537514713
2021,VRYHEIDSFRONT PLUS,2021,0.2608630552859297
2021,INDEPENDENT PEOPLE'S PARTY,1906,0.24601928915140128
2021,TRULY ALLIANCE,1871,0.24150162119741433
2021,PEOPLE'S FREEDOM PARTY,1558,0.2011007620660457
2021,PATRIOTIC ALLIANCE,1522,0.19645401788480205
2021,AL JAMA-AH,1368,0.17657627888725966
2021,GOOD,1071,0.13824063939199935
2021,PAN AFRICANIST CONGRESS OF AZANIA,990,0.12778546498420107
2021,AFRICAN PEOPLE'S CONVENTION,962,0.12417133062101154
2021,CONGRESS OF THE PEOPLE,898,0.11591045207657834
2021,AFRICAN FREEDOM REVOLUTION,823,0.1062297350323207
2021,BLACK FIRST LAND FIRST,728,0.09396749344292765
2021,AFRICAN MANTUNGWA COMMUNITY,646,0.08338324280787261
2021,UNITED CHRISTIAN DEMOCRATIC PARTY,626,0.08080171826273724
2021,ACTIVISTS MOVEMENT OF SOUTH AFRICA,603,0.07783296503583156
2021,FORUM 4 SERVICE DELIVERY,521,0.06724871440077651
2021,ADVANCED DYNAMIC ALLIANCE,481,0.06208566531050577
2021,THE ORGANIC HUMANITY MOVEMENT,408,0.05266310072076165
2021,ACADEMIC CONGRESS UNION,379,0.048919890130315356
2021,GOD SAVE AFRICA,376,0.04853266144854505
2021,INTERNATIONAL PARTY,364,0.046983746721463826
2021,DEMOCRATIC PEOPLE'S CONGRESS,343,0.04427314594907168
2021,AFRICAN FEDERAL CONVENTION,323,0.041691621403936306
2021,AFRICAN PEOPLE'S MOVEMENT,298,0.038464715722517084
2021,UNITED CULTURAL MOVEMENT,294,0.03794841081349001
2021,AZANIAN PEOPLE'S ORGANISATION,260,0.03355981908675988
2021,ALLIED MOVEMENT FOR CHANGE,251,0.03239813304144896
2021,AFRICAN BASIC REPUBLICANS,207,0.026718779042151135
2021,AFRICA RESTORATION ALLIANCE,203,0.026202474133124057
2021,SPECTRUM NATIONAL PARTY,175,0.022588339769934532
